{"cameraMode":{"drawMode":0,"name":"Shaded","section":"Shading Mode"},"sceneLighting":false,"audioPlay":false,"sceneViewState":{"m_AlwaysRefresh":false,"showFog":true,"showSkybox":false,"showFlares":true,"showImageEffects":true,"showParticleSystems":true,"showVisualEffectGraphs":true,"m_FxEnabled":false},"in2DMode":false,"pivot":{"x":-37.4066276550293,"y":1.6551440954208375,"z":3.437735080718994},"rotation":{"x":-0.0011502928100526333,"y":0.2915012836456299,"z":0.0003392764483578503,"w":0.9565229415893555},"size":0.058120690286159518,"orthographic":false}