{"cameraMode":{"drawMode":0,"name":"Shaded","section":"Shading Mode"},"sceneLighting":false,"audioPlay":false,"sceneViewState":{"m_AlwaysRefresh":false,"showFog":true,"showSkybox":false,"showFlares":true,"showImageEffects":true,"showParticleSystems":true,"showVisualEffectGraphs":true,"m_FxEnabled":false},"in2DMode":false,"pivot":{"x":-1.809999942779541,"y":1.1700000762939454,"z":15.861498832702637},"rotation":{"x":0.1080537885427475,"y":0.21882791817188264,"z":-0.024395810440182687,"w":0.9694817662239075},"size":1.249768614768982,"orthographic":false}